,Tumor Ids,,,,,,,,Tumor ID,TMT set nr,TMT tag,Grade,N.status,M.status,HER2,ER,PR,TP53,PIK3CA,PAM50 subtype,PAM50 corr_Basal-like,PAM50 corr_HER2,PAM50 corr_LumA,PAM50 corr_LumB,PAM50 corr_Normal-like,RPPA,Metabolic,PARADIGM,iCluster,CAAI,Metabolic cluster,CoTC,Age_cat,Tumorsize_cat,Age,Tumor_size,Histology,Spearman mRNA-protein,% Invasive Tumour,% DCIS,% Stroma,% Lymphocytes,% Adipose,% Normal Epith
,TMT\Plex Set,Set 1,Set 2,Set 3,Set 4,Set 5,,,OSL.53E,1,126,3,pN0,Mx,neg,neg,neg,wt,wt,Basal,0.797551020408163,-0.069195678271309,-0.609027611044418,-0.266170468187275,0.066986794717887,Basal,3,20000,10,2,Mc3,,1,3,<50,>20,Ductal,0.256502756660294,42.5,0,30,15,12.5,0
,126,OSL.53E,OSL.4AF,OSL.43C,OSL.43A,OSL.40A,,,OSL.567,1,127N,1,pN0,Mx,neg,pos,pos,wt,wt,LumA,-0.575702280912365,-0.154093637454982,0.550348139255702,0.229099639855942,0.077358943577431,Luminal,1,12100,7,0,Mc1,,2,2,50_70,10_20,Mixed,0.410131059574991,15,0,27.5,40,17.5,0
,127N,OSL.567,OSL.46E,OSL.493,OSL.406,OSL.40E,,,OSL.3FF,1,127C,3,pN1,M0,neg,neg,neg,mut,wt,Basal,0.836638655462185,-0.025882352941177,-0.7231212484994,-0.118847539015606,-0.095222088835534,Basal,1,20000,10,2,Mc1,,1,3,<50,>20,Ductal,0.116192934473325,32.5,0,32.5,25,7.5,2.5
,127C,OSL.3FF,OSL.494,OSL.4D9,OSL.47C,OSL.3FA,,,OSL.55F,1,128N,3,pN0,Mx,neg,neg,neg,mut,mut,Basal,0.829435774309724,-0.086962785114046,-0.602689075630252,-0.240912364945978,0.068523409363746,Basal,3,20000,10,1,Mc3,CoTC1,1,3,<50,>20,Ductal,0.608262407410331,70,0,15,15,0,0
,128N,OSL.55F,OSL.457,OSL.56F,OSL.524,OSL.521,,,OSL.46A,1,128C,3,pN0,Mx,neg,neg,neg,mut,wt,Basal,0.766146458583433,0.039423769507803,-0.666266506602641,-0.124033613445378,-0.043169267707083,Basal,1,20000,9,2,Mc1,CoTC1,3,2,>70,10_20,Ductal,0.624816569972576,60,2.5,22.5,10,0,5
,128C,OSL.46A,OSL.48B,OSL.405,OSL.443,OSL.46D,,,OSL.4B0,1,129N,2,pN0,Mx,neg,pos,pos,mut,mut,LumA,-0.491764705882353,-0.332244897959184,0.639279711884754,-0.098583433373349,0.349435774309724,Luminal,1,40000,3,1,Mc1,,1,3,<50,>20,Ductal,0.275399209543345,22.5,16.5,24,16.5,14,6.5
,129N,OSL.4B0,OSL.4B4,OSL.49E,OSL.458,OSL.54D,,,OSL.4D6,1,129C,3,pN0,M0,neg,neg,neg,mut,wt,Basal,0.767683073229292,-0.005426170468187,-0.578583433373349,-0.2615606242497,0.057094837935174,Basal,1,53000,9,2,Mc1,,1,2,<50,10_20,Ductal,0.353118217547022,50,0,50,0,0,0
,129C,OSL.4D6,OSL.449,OSL.441,OSL.53D,OSL.4BA,,,OSL.485,1,130N,1,pN1(mi),Mx,neg,pos,pos,wt,wt,LumA,-0.639567827130852,-0.163889555822329,0.776614645858343,-0.041440576230492,0.332725090036014,NA,1,12100,8,0,Mc1,,1,2,<50,10_20,Ductal,0.525724512627146,55,5,22.5,12.5,0,5
,130N,OSL.485,OSL.44E,OSL.430,OSL.540,OSL.579,,,OSL.41B,1,130C,3,pN0,Mx,neg,pos,pos,wt,wt,LumA,-0.582617046818728,-0.145258103241297,0.511644657863145,0.057478991596639,0.161680672268908,Luminal,1,12100,6,2,Mc1,,2,2,50_70,10_20,Ductal,0.481312481892918,45,22.5,27.5,5,0,0
,130C,OSL.41B,OSL.3EB,OSL.4FA,OSL.42E,OSL.57B,,,OSL.4AF,2,126,1,pN1,Mx,neg,pos,pos,wt,mut,LumA,-0.53296518607443,-0.413973589435774,0.727442977190876,-0.067370948379352,0.260792316926771,NA,1,32000,7,1,Mc1,CoTC3,2,2,50_70,10_20,Ductal,0.361461149132693,55,7.5,30,5,0,2.5
,131,Pool,Pool,Pool,Pool,Pool,,,OSL.46E,2,127N,2,pN1,M0,neg,pos,pos,wt,mut,LumA,-0.671356542617047,-0.180984393757503,0.818295318127251,-0.056134453781513,0.300456182472989,Luminal,3,40000,8,0,Mc3,CoTC3,2,3,50_70,>20,Lobular,0.473770570255784,35.5,1,27.5,25.5,5.5,5
,,,,,,,,,OSL.494,2,127C,2,pN0,Mx,neg,pos,neg,wt,wt,LumA,-0.258679471788716,-0.234765906362545,0.541032412965186,-0.068523409363746,0.35202881152461,NA,3,40000,3,2,Mc3,CoTC3,2,2,50_70,10_20,Ductal,0.344210582548057,46.5,0,45.5,8,0,0
,,,,,,,,,OSL.457,2,128N,1,pN0,Mx,neg,pos,pos,wt,wt,LumA,-0.752605042016807,0.003793517406963,0.65781512605042,0.27452581032413,-0.094645858343337,Luminal,1,60000,8,0,Mc1,CoTC3,3,3,>70,>20,Ductal,0.345590025567309,45,5,35,10,0,5
,,,,,,,,,OSL.48B,2,128C,1,pN0,Mx,neg,pos,pos,wt,mut,LumA,-0.692100840336134,-0.069675870348139,0.657238895558223,0.186074429771909,0.033565426170468,Luminal,3,31000,3,0,Mc3,CoTC3,2,2,50_70,10_20,Ductal,0.474649856721512,31.25,15,33.75,10,10,0
,,,,,,,,,OSL.4B4,2,129N,3,pN0,Mx,neg,neg,neg,mut,wt,Basal,0.790732292917167,0.033565426170468,-0.729267707082833,-0.132484993997599,-0.076302521008403,Basal,3,20000,10,2,Mc3,CoTC1,3,3,>70,>20,Ductal,0.463680405652936,50,0,20,30,0,0
,,,,,,,,,OSL.449,2,129C,3,pN0,M1,neg,neg,neg,mut,wt,Basal,0.636494597839136,0.088307322929172,-0.612388955582233,-0.115870348139256,-0.086770708283313,Basal,NA,20000,10,2,NA,CoTC2,2,3,50_70,>20,Ductal,0.50083568156248,30,0,10,60,0,0
,,,,,,,,,OSL.44E,2,130N,3,pN0,Mx,neg,neg,neg,mut,wt,Basal,0.786314525810324,0.039519807923169,-0.714861944777911,-0.022521008403361,-0.164753901560624,NA,1,20000,10,2,Mc1,CoTC1,NA,2,NA,10_20,Ductal,0.640627459582581,52.5,0,35,12.5,0,0
,,,,,,,,,OSL.3EB,2,130C,3,pN0,Mx,neg,neg,neg,wt,wt,Basal,0.710060024009604,0.049795918367347,-0.429627851140456,-0.399951980792317,0.159759903961585,Basal,NA,40000,4,2,NA,CoTC2,2,2,50_70,10_20,Ductal,0.426216946535784,40,2.5,27.5,30,0,0
,,,,,,,,,OSL.43C,3,126,3,pN0,Mx,pos,neg,neg,wt,wt,HER2,-0.221896758703481,0.687875150060024,-0.122977190876351,0.374789915966387,-0.446050420168067,HER2,3,60000,5,2,Mc3,CoTC6,2,2,50_70,10_20,Ductal,0.468887122697143,44.5,5,47,3,0,0.5
,,,,,,,,,OSL.493,3,127N,3,pN0,M0,pos,pos,pos,mut,wt,HER2,-0.026842737094838,0.115870348139256,0.055750300120048,-0.018007202881152,0.103481392557023,HER2,1,40000,5,2,Mc1,CoTC6,2,3,50_70,>20,Ductal,0.211382408106293,45,5,25,20,0,5
,,,,,,,,,OSL.4D9,3,127C,2,pN1a,M0,pos,neg,neg,wt,NA,HER2,0.188379351740696,0.666170468187275,-0.481296518607443,0.297478991596639,-0.447394957983193,ReacI,2,20000,NA,1,Mc2,CoTC5,2,3,50_70,>20,Mucinous,0.318089693004941,27,0,67.5,0.5,0,5
,,,,,,,,,OSL.56F,3,128N,2,pN0,Mx,neg,pos,pos,wt,mut,LumB,-0.169267707082833,0.257238895558223,-0.196830732292917,0.584345738295318,-0.547274909963986,NA,3,12100,3,0,Mc3,,2,3,50_70,>20,Ductal,0.417054883218467,40,0,10,35,15,0
,,,,,,,,,OSL.405,3,128C,3,pN0,Mx,neg,pos,pos,wt,wt,LumB,-0.418295318127251,-0.015030012004802,0.069579831932773,0.426650660264106,-0.351260504201681,NA,3,12100,1,2,Mc3,,2,3,50_70,>20,Ductal,0.606881956413819,80,0,20,0,0,0
,,,,,,,,,OSL.49E,3,129N,3,pN0,M0,neg,pos,pos,wt,mut,LumB,0.019447779111645,0.093301320528211,-0.367298919567827,0.402256902761104,-0.550348139255702,NA,2,12100,9,2,Mc2,CoTC6,1,3,<50,>20,Ductal,0.566021810698066,50,0,49,1,0,0
,,,,,,,,,OSL.441,3,129C,3,pN1,Mx,NA,NA,NA,wt,wt,Normal,0.174165666266507,-0.090900360144058,0.178775510204082,-0.546122448979592,0.590204081632653,HER2,2,40000,NA,0,Mc2,CoTC5,1,2,<50,10_20,DCIS,0.335767454164359,0,20,22.5,25,20,12.5
,,,,,,,,,OSL.430,3,130N,3,pN0,Mx,NA,NA,NA,wt,wt,Normal,-0.260792316926771,-0.432509003601441,0.685954381752701,-0.474669867947179,0.719759903961585,ReacI,NA,40000,NA,0,NA,CoTC5,1,3,<50,>20,DCIS,0.419602185585307,0,0,55,5,0,40
,,,,,,,,,OSL.4FA,3,130C,3,pN0,Mx,NA,NA,NA,wt,mut,Normal,0.116734693877551,-0.333973589435774,0.303529411764706,-0.40484993997599,0.538727490996399,ReacI,2,12100,NA,0,Mc2,CoTC5,2,3,50_70,>20,DCIS,0.275158366550649,0,35,50,5,0,10
,,,,,,,,,OSL.43A,4,126,3,pN1,Mx,pos,pos,neg,mut,wt,HER2,-0.221128451380552,0.618535414165666,-0.080048019207683,0.278559423769508,-0.385642256902761,HER2,3,53000,5,1,Mc3,,2,3,50_70,>20,Ductal,0.440456533616056,37.5,5,40,17.5,0,0
,,,,,,,,,OSL.406,4,127N,2,pN2,Mx,neg,pos,neg,mut,wt,HER2,-0.084465786314526,0.494645858343337,-0.13594237695078,0.220648259303721,-0.30516206482593,NA,1,20000,6,2,Mc1,CoTC6,2,3,50_70,>20,Ductal,0.40592755333149,42.5,2.5,30,25,0,0
,,,,,,,,,OSL.47C,4,127C,3,pN1,Mx,pos,pos,pos,mut,wt,HER2,-0.187803121248499,0.477166866746699,-0.124129651860744,0.439615846338535,-0.466698679471789,HER2,3,60000,5,2,Mc3,CoTC6,1,2,<50,10_20,Ductal,0.492669117946116,55,5,25,10,0,5
,,,,,,,,,OSL.524,4,128N,3,pN1,Mx,neg,pos,pos,wt,wt,LumB,-0.412821128451381,-0.005906362545018,0.171764705882353,0.41109243697479,-0.267995198079232,Luminal,1,12100,2,2,Mc1,CoTC4,3,2,>70,10_20,Ductal,0.591343717423876,52.5,0,25,7.5,15,0
,,,,,,,,,OSL.443,4,128C,2,pN0,Mx,neg,pos,pos,mut,wt,LumB,-0.572917166866747,0.005138055222089,0.286530612244898,0.427130852340936,-0.334453781512605,NA,1,32000,3,0,Mc1,CoTC6,1,3,<50,>20,Ductal,0.403097853502706,60,5,27.5,7.5,0,0
,,,,,,,,,OSL.458,4,129N,3,pN1,Mx,neg,pos,pos,wt,wt,LumB,-0.456326530612245,0.239471788715486,0.057575030012005,0.664345738295318,-0.541224489795918,Basal,1,12100,1,1,Mc1,CoTC4,3,2,>70,10_20,Ductal,0.572262205574196,64,0,12,17,7,0
,,,,,,,,,OSL.53D,4,129C,2,pN0,Mx,neg,pos,pos,NA,wt,Normal,-0.134597839135654,-0.441824729891957,0.689507803121248,-0.534501800720288,0.734549819927971,ReacI,3,40000,4,0,Mc3,,2,3,50_70,>20,Ductal,0.342375122618745,15,5,62.5,12.5,0,5
,,,,,,,,,OSL.540,4,130N,2,pN0,Mx,neg,pos,pos,mut,NA,Normal,-0.127875150060024,-0.533925570228091,0.437310924369748,-0.425882352941176,0.477839135654262,NA,3,53000,4,0,Mc3,,2,2,50_70,10_20,Ductal,0.360854153325523,62.5,0,30,5,0,2.5
,,,,,,,,,OSL.42E,4,130C,3,pN0,Mx,neg,pos,pos,wt,wt,Normal,0.028571428571429,-0.045090036014406,0.12921968787515,-0.060072028811525,0.129603841536615,NA,1,53000,4,2,Mc1,,3,3,>70,>20,Ductal,0.29332868860099,45,2.5,32.5,15,0,5
,,,,,,,,,OSL.40A,5,126,3,pN2,M0,pos,neg,neg,wt,wt,HER2,-0.036542617046819,0.609891956782713,-0.291140456182473,0.295654261704682,-0.456998799519808,HER2,1,12100,5,2,Mc1,CoTC6,2,3,50_70,>20,Ductal,0.586948068406624,45,10,27.5,10,7.5,0
,,,,,,,,,OSL.40E,5,127N,2,pN2,Mx,neg,pos,pos,mut,wt,HER2,-0.474093637454982,0.306986794717887,0.278175270108043,0.201344537815126,-0.265690276110444,NA,2,60000,3,0,Mc2,CoTC6,3,3,>70,>20,Lobular,0.446101146531263,37.5,5,37.5,17.5,2.5,0
,,,,,,,,,OSL.3FA,5,127C,3,pN0,Mx,neg,pos,pos,mut,wt,HER2,-0.209315726290516,0.219591836734694,0.193469387755102,0.113469387755102,-0.077358943577431,HER2,3,60000,5,2,Mc3,CoTC6,1,3,<50,>20,Ductal,0.455713981256996,32.5,25,27.5,15,0,0
,,,,,,,,,OSL.521,5,128N,3,pN3,Mx,neg,pos,pos,wt,wt,LumB,-0.340696278511404,-0.000432172869148,-0.009171668667467,0.491476590636254,-0.415894357743097,NA,3,12100,2,2,Mc3,CoTC6,2,3,50_70,>20,Mixed,0.499283255842137,45,0,25,15,15,0
,,,,,,,,,OSL.46D,5,128C,2,pN0,Mx,neg,pos,pos,wt,wt,LumB,-0.20297719087635,-0.01906362545018,0.06391356542617,0.31438175270108,-0.360288115246098,NA,3,32000,8,1,Mc3,CoTC6,2,2,50_70,10_20,Ductal,0.301247802644706,43,6,48,3,0,0
,,,,,,,,,OSL.54D,5,129N,2,pN1,Mx,neg,pos,pos,wt,wt,LumB,-0.314861944777911,0.16062424969988,0.042112845138055,0.514429771908763,-0.455078031212485,NA,3,60000,6,1,Mc3,CoTC6,1,3,<50,>20,Ductal,0.520462855081549,,,,,,
,,,,,,,,,OSL.4BA,5,129C,2,pN0,Mx,neg,neg,neg,mut,wt,Normal,0.475054021608643,-0.127394957983193,-0.091572629051621,-0.64984393757503,0.546026410564226,NA,3,53000,4,1,Mc3,,1,2,<50,10_20,Ductal,0.313858184690478,55,0,27.5,5,2.5,10
,,,,,,,,,OSL.579,5,130N,3,pN0,Mx,neg,pos,pos,mut,wt,Normal,-0.073037214885954,-0.316398559423769,0.169555822328932,-0.040192076830732,0.225450180072029,NA,3,12100,1,2,Mc3,,1,1,<50,<10,Ductal,0.457800238889973,5,43.75,22.5,13.75,15,0
,,,,,,,,,OSL.57B,5,130C,2,pN0,Mx,neg,pos,pos,mut,wt,Normal,-0.108187274909964,-0.432316926770708,0.622376950780312,-0.512989195678271,0.7353181272509,NA,1,40000,4,1,Mc1,,3,2,>70,10_20,Ductal,0.301234433267605,35,0,35,10,5,15
